-- --------------------------------------------------------
-- Host:                         localhost
-- Server version:               8.0.21 - MySQL Community Server - GPL
-- Server OS:                    Win64
-- HeidiSQL Version:             11.2.0.6213
-- --------------------------------------------------------

/*!40101 SET @OLD_CHARACTER_SET_CLIENT=@@CHARACTER_SET_CLIENT */;
/*!40101 SET NAMES utf8 */;
/*!50503 SET NAMES utf8mb4 */;
/*!40014 SET @OLD_FOREIGN_KEY_CHECKS=@@FOREIGN_KEY_CHECKS, FOREIGN_KEY_CHECKS=0 */;
/*!40101 SET @OLD_SQL_MODE=@@SQL_MODE, SQL_MODE='NO_AUTO_VALUE_ON_ZERO' */;
/*!40111 SET @OLD_SQL_NOTES=@@SQL_NOTES, SQL_NOTES=0 */;


-- Dumping database structure for aplikacija
DROP DATABASE IF EXISTS `aplikacija`;
CREATE DATABASE IF NOT EXISTS `aplikacija` /*!40100 DEFAULT CHARACTER SET utf8 COLLATE utf8_unicode_ci */ /*!80016 DEFAULT ENCRYPTION='N' */;
USE `aplikacija`;

-- Dumping structure for table aplikacija.administrator
DROP TABLE IF EXISTS `administrator`;
CREATE TABLE IF NOT EXISTS `administrator` (
  `administrator_id` int unsigned NOT NULL AUTO_INCREMENT,
  `username` varchar(32) COLLATE utf8_unicode_ci NOT NULL DEFAULT '0',
  `password_hash` varchar(128) COLLATE utf8_unicode_ci NOT NULL DEFAULT '0',
  PRIMARY KEY (`administrator_id`),
  UNIQUE KEY `uq_administrator_username` (`username`)
) ENGINE=InnoDB AUTO_INCREMENT=11 DEFAULT CHARSET=utf8 COLLATE=utf8_unicode_ci;

-- Dumping data for table aplikacija.administrator: ~4 rows (approximately)
DELETE FROM `administrator`;
/*!40000 ALTER TABLE `administrator` DISABLE KEYS */;
INSERT INTO `administrator` (`administrator_id`, `username`, `password_hash`) VALUES
	(1, 'stefan', 'EDDF4524AB5B20FFB952CC0FB30E5DBE5FBE72828E4A849E410D4E4522ACD9CB6564DEA352607A06B53C3ED35C1643D2A715D8B54AB10D00C8296A6956339B29'),
	(3, 'pperic', '84680D8247E654A97CEC755023ABB6EBE4A0BCC3913B6CE8C4D568C7D1BD152FCA6BA8965F1F19979E0B63DA272881538CD79D9BCC3D7D329C3BDAAD859F34A4'),
	(5, 'mmilic', '174C474DE263357B408C6E4070B99FF29E38D7CB2649F3795397F47FDCAF10C03B10B4C57DB38FFA0E84B88430D67C2F40E89F0D63059B31AD2BCF3B2A5E05F1'),
	(10, 'admin', 'C7AD44CBAD762A5DA0A452F9E854FDC1E0E7A52A38015F23F3EAB1D80B931DD472634DFAC71CD34EBC35D16AB7FB8A90C81F975113D6C7538DC69DD8DE9077EC');
/*!40000 ALTER TABLE `administrator` ENABLE KEYS */;

-- Dumping structure for table aplikacija.article
DROP TABLE IF EXISTS `article`;
CREATE TABLE IF NOT EXISTS `article` (
  `article_id` int unsigned NOT NULL AUTO_INCREMENT,
  `name` varchar(128) COLLATE utf8_unicode_ci NOT NULL DEFAULT '0',
  `category_id` int unsigned NOT NULL DEFAULT '0',
  `except` varchar(255) COLLATE utf8_unicode_ci NOT NULL DEFAULT '0',
  `description` text COLLATE utf8_unicode_ci NOT NULL,
  `status` enum('available','visible','hidden') COLLATE utf8_unicode_ci NOT NULL DEFAULT 'available',
  `is_promoted` tinyint unsigned NOT NULL DEFAULT '0',
  `created_at` timestamp NOT NULL DEFAULT CURRENT_TIMESTAMP,
  PRIMARY KEY (`article_id`),
  KEY `fk_article_category_id` (`category_id`),
  CONSTRAINT `fk_article_category_id` FOREIGN KEY (`category_id`) REFERENCES `category` (`category_id`) ON UPDATE CASCADE
) ENGINE=InnoDB AUTO_INCREMENT=11 DEFAULT CHARSET=utf8 COLLATE=utf8_unicode_ci;

-- Dumping data for table aplikacija.article: ~2 rows (approximately)
DELETE FROM `article`;
/*!40000 ALTER TABLE `article` DISABLE KEYS */;
INSERT INTO `article` (`article_id`, `name`, `category_id`, `except`, `description`, `status`, `is_promoted`, `created_at`) VALUES
	(1, 'ACME HDD 512GB', 5, 'Kratak opis', 'Detaljan opis', 'available', 0, '2021-04-01 18:29:28'),
	(10, 'ACME HD11 1024TB', 5, 'Neki kratak tekst 2...', 'Malo duzi tekst o proizvodu 2', 'visible', 1, '2021-04-02 15:11:26');
/*!40000 ALTER TABLE `article` ENABLE KEYS */;

-- Dumping structure for table aplikacija.article_feature
DROP TABLE IF EXISTS `article_feature`;
CREATE TABLE IF NOT EXISTS `article_feature` (
  `article_feature_id` int unsigned NOT NULL AUTO_INCREMENT,
  `article_id` int unsigned NOT NULL DEFAULT '0',
  `feature_id` int unsigned NOT NULL DEFAULT '0',
  `value` varchar(255) COLLATE utf8_unicode_ci NOT NULL DEFAULT '0',
  PRIMARY KEY (`article_feature_id`),
  UNIQUE KEY `uq_article_feature_article_id_feature_id` (`article_id`,`feature_id`),
  KEY `fk_article_feature_feature_id` (`feature_id`),
  CONSTRAINT `fk_article_feature_article_id` FOREIGN KEY (`article_id`) REFERENCES `article` (`article_id`) ON UPDATE CASCADE,
  CONSTRAINT `fk_article_feature_feature_id` FOREIGN KEY (`feature_id`) REFERENCES `feature` (`feature_id`) ON UPDATE CASCADE
) ENGINE=InnoDB AUTO_INCREMENT=5 DEFAULT CHARSET=utf8 COLLATE=utf8_unicode_ci;

-- Dumping data for table aplikacija.article_feature: ~2 rows (approximately)
DELETE FROM `article_feature`;
/*!40000 ALTER TABLE `article_feature` DISABLE KEYS */;
INSERT INTO `article_feature` (`article_feature_id`, `article_id`, `feature_id`, `value`) VALUES
	(3, 10, 2, '1024GB'),
	(4, 10, 3, 'SATA 3.0');
/*!40000 ALTER TABLE `article_feature` ENABLE KEYS */;

-- Dumping structure for table aplikacija.article_price
DROP TABLE IF EXISTS `article_price`;
CREATE TABLE IF NOT EXISTS `article_price` (
  `article_price` int unsigned NOT NULL AUTO_INCREMENT,
  `article_id` int unsigned NOT NULL DEFAULT '0',
  `price` decimal(10,2) unsigned NOT NULL DEFAULT '0.00',
  `created_at` timestamp NOT NULL DEFAULT CURRENT_TIMESTAMP,
  PRIMARY KEY (`article_price`),
  KEY `fk_article_price_article_id` (`article_id`),
  CONSTRAINT `fk_article_price_article_id` FOREIGN KEY (`article_id`) REFERENCES `article` (`article_id`) ON UPDATE CASCADE
) ENGINE=InnoDB AUTO_INCREMENT=3 DEFAULT CHARSET=utf8 COLLATE=utf8_unicode_ci;

-- Dumping data for table aplikacija.article_price: ~1 rows (approximately)
DELETE FROM `article_price`;
/*!40000 ALTER TABLE `article_price` DISABLE KEYS */;
INSERT INTO `article_price` (`article_price`, `article_id`, `price`, `created_at`) VALUES
	(1, 10, 56.78, '2021-04-02 15:11:26'),
	(2, 10, 43.22, '2021-04-20 18:07:29');
/*!40000 ALTER TABLE `article_price` ENABLE KEYS */;

-- Dumping structure for table aplikacija.cart
DROP TABLE IF EXISTS `cart`;
CREATE TABLE IF NOT EXISTS `cart` (
  `cart_id` int unsigned NOT NULL AUTO_INCREMENT,
  `user_id` int unsigned NOT NULL DEFAULT '0',
  `created_at` timestamp NOT NULL DEFAULT CURRENT_TIMESTAMP,
  PRIMARY KEY (`cart_id`),
  KEY `fk_cart_user_id` (`user_id`),
  CONSTRAINT `fk_cart_user_id` FOREIGN KEY (`user_id`) REFERENCES `user` (`user_id`) ON UPDATE CASCADE
) ENGINE=InnoDB DEFAULT CHARSET=utf8 COLLATE=utf8_unicode_ci;

-- Dumping data for table aplikacija.cart: ~0 rows (approximately)
DELETE FROM `cart`;
/*!40000 ALTER TABLE `cart` DISABLE KEYS */;
/*!40000 ALTER TABLE `cart` ENABLE KEYS */;

-- Dumping structure for table aplikacija.cart_article
DROP TABLE IF EXISTS `cart_article`;
CREATE TABLE IF NOT EXISTS `cart_article` (
  `cart_article_id` int unsigned NOT NULL AUTO_INCREMENT,
  `cart_id` int unsigned NOT NULL DEFAULT '0',
  `article_id` int unsigned NOT NULL DEFAULT '0',
  `quantity` int unsigned NOT NULL DEFAULT '0',
  PRIMARY KEY (`cart_article_id`),
  UNIQUE KEY `uq_cart_article_cart_id_article_id` (`cart_id`,`article_id`),
  KEY `fk_cart_article_article_id` (`article_id`),
  CONSTRAINT `fk_cart_article_article_id` FOREIGN KEY (`article_id`) REFERENCES `article` (`article_id`) ON UPDATE CASCADE,
  CONSTRAINT `fk_cart_article_cart_id` FOREIGN KEY (`cart_id`) REFERENCES `cart` (`cart_id`) ON UPDATE CASCADE
) ENGINE=InnoDB DEFAULT CHARSET=utf8 COLLATE=utf8_unicode_ci;

-- Dumping data for table aplikacija.cart_article: ~0 rows (approximately)
DELETE FROM `cart_article`;
/*!40000 ALTER TABLE `cart_article` DISABLE KEYS */;
/*!40000 ALTER TABLE `cart_article` ENABLE KEYS */;

-- Dumping structure for table aplikacija.category
DROP TABLE IF EXISTS `category`;
CREATE TABLE IF NOT EXISTS `category` (
  `category_id` int unsigned NOT NULL AUTO_INCREMENT,
  `name` varchar(32) COLLATE utf8_unicode_ci NOT NULL DEFAULT '0',
  `image_path` varchar(128) COLLATE utf8_unicode_ci NOT NULL DEFAULT '0',
  `parent__category_id` int unsigned DEFAULT NULL,
  PRIMARY KEY (`category_id`),
  UNIQUE KEY `uq_category_name` (`name`),
  UNIQUE KEY `uq_category_image_path` (`image_path`),
  KEY `fk_category_category_id` (`parent__category_id`),
  CONSTRAINT `fk_category_category_id` FOREIGN KEY (`parent__category_id`) REFERENCES `category` (`category_id`) ON UPDATE CASCADE
) ENGINE=InnoDB AUTO_INCREMENT=6 DEFAULT CHARSET=utf8 COLLATE=utf8_unicode_ci;

-- Dumping data for table aplikacija.category: ~5 rows (approximately)
DELETE FROM `category`;
/*!40000 ALTER TABLE `category` DISABLE KEYS */;
INSERT INTO `category` (`category_id`, `name`, `image_path`, `parent__category_id`) VALUES
	(1, 'Racunarske komponente', 'assets/pc.jpg', NULL),
	(2, 'Kucna elektronika', 'assets/home.jpg', NULL),
	(3, 'Laptop racunari', 'assets/pc/laptop.jpg', 1),
	(4, 'Memorijski mediji', 'assets/pc/memory.jpg', 1),
	(5, 'Hard diskovi', 'assets/pc/memory/hdd.jpg', 4);
/*!40000 ALTER TABLE `category` ENABLE KEYS */;

-- Dumping structure for table aplikacija.feature
DROP TABLE IF EXISTS `feature`;
CREATE TABLE IF NOT EXISTS `feature` (
  `feature_id` int unsigned NOT NULL AUTO_INCREMENT,
  `name` varchar(32) COLLATE utf8_unicode_ci NOT NULL DEFAULT '0',
  `category_id` int unsigned NOT NULL DEFAULT '0',
  PRIMARY KEY (`feature_id`),
  UNIQUE KEY `uq_feature_name_category_id` (`name`,`category_id`),
  KEY `fk_feature_category_id` (`category_id`),
  CONSTRAINT `fk_feature_category_id` FOREIGN KEY (`category_id`) REFERENCES `category` (`category_id`) ON UPDATE CASCADE
) ENGINE=InnoDB AUTO_INCREMENT=8 DEFAULT CHARSET=utf8 COLLATE=utf8_unicode_ci;

-- Dumping data for table aplikacija.feature: ~2 rows (approximately)
DELETE FROM `feature`;
/*!40000 ALTER TABLE `feature` DISABLE KEYS */;
INSERT INTO `feature` (`feature_id`, `name`, `category_id`) VALUES
	(2, 'Kapacitet', 5),
	(5, 'Napon', 2),
	(7, 'Proizvodjac', 2),
	(6, 'Snaga', 2),
	(4, 'Tehnologija', 5),
	(3, 'Tip', 5);
/*!40000 ALTER TABLE `feature` ENABLE KEYS */;

-- Dumping structure for table aplikacija.order
DROP TABLE IF EXISTS `order`;
CREATE TABLE IF NOT EXISTS `order` (
  `order_id` int unsigned NOT NULL AUTO_INCREMENT,
  `created_at` timestamp NOT NULL DEFAULT CURRENT_TIMESTAMP,
  `cart_id` int unsigned NOT NULL DEFAULT '0',
  `status` enum('rejected','accepted','shipped','pending') COLLATE utf8_unicode_ci NOT NULL DEFAULT 'pending',
  PRIMARY KEY (`order_id`),
  UNIQUE KEY `uq_order_cart_id` (`cart_id`),
  CONSTRAINT `fk_order_cart_id` FOREIGN KEY (`cart_id`) REFERENCES `cart` (`cart_id`) ON UPDATE CASCADE
) ENGINE=InnoDB DEFAULT CHARSET=utf8 COLLATE=utf8_unicode_ci;

-- Dumping data for table aplikacija.order: ~0 rows (approximately)
DELETE FROM `order`;
/*!40000 ALTER TABLE `order` DISABLE KEYS */;
/*!40000 ALTER TABLE `order` ENABLE KEYS */;

-- Dumping structure for table aplikacija.photo
DROP TABLE IF EXISTS `photo`;
CREATE TABLE IF NOT EXISTS `photo` (
  `photo_id` int unsigned NOT NULL AUTO_INCREMENT,
  `article_id` int unsigned NOT NULL DEFAULT '0',
  `image_path` varchar(128) COLLATE utf8_unicode_ci NOT NULL DEFAULT '0',
  PRIMARY KEY (`photo_id`),
  UNIQUE KEY `uq_pfoto_image_path` (`image_path`),
  KEY `fk_photo_article_id` (`article_id`),
  CONSTRAINT `fk_photo_article_id` FOREIGN KEY (`article_id`) REFERENCES `article` (`article_id`) ON UPDATE CASCADE
) ENGINE=InnoDB AUTO_INCREMENT=9 DEFAULT CHARSET=utf8 COLLATE=utf8_unicode_ci;

-- Dumping data for table aplikacija.photo: ~4 rows (approximately)
DELETE FROM `photo`;
/*!40000 ALTER TABLE `photo` DISABLE KEYS */;
INSERT INTO `photo` (`photo_id`, `article_id`, `image_path`) VALUES
	(1, 1, 'images/1/front.jpg'),
	(2, 1, 'images/1/label.jpg'),
	(8, 10, '2021421-1237238774-hard-disk-slika-2.jpg');
/*!40000 ALTER TABLE `photo` ENABLE KEYS */;

-- Dumping structure for table aplikacija.user
DROP TABLE IF EXISTS `user`;
CREATE TABLE IF NOT EXISTS `user` (
  `user_id` int unsigned NOT NULL AUTO_INCREMENT,
  `email` varchar(255) COLLATE utf8_unicode_ci NOT NULL DEFAULT '0',
  `password_hash` varchar(128) COLLATE utf8_unicode_ci NOT NULL DEFAULT '0',
  `forename` varchar(64) COLLATE utf8_unicode_ci NOT NULL DEFAULT '0',
  `surename` varchar(64) COLLATE utf8_unicode_ci NOT NULL DEFAULT '0',
  `phone_number` varchar(24) COLLATE utf8_unicode_ci NOT NULL DEFAULT '0',
  `postal_address` text CHARACTER SET utf8 COLLATE utf8_unicode_ci NOT NULL,
  PRIMARY KEY (`user_id`),
  UNIQUE KEY `uq_user_email` (`email`),
  UNIQUE KEY `uq_user_phone_number` (`phone_number`)
) ENGINE=InnoDB AUTO_INCREMENT=3 DEFAULT CHARSET=utf8 COLLATE=utf8_unicode_ci;

-- Dumping data for table aplikacija.user: ~0 rows (approximately)
DELETE FROM `user`;
/*!40000 ALTER TABLE `user` DISABLE KEYS */;
INSERT INTO `user` (`user_id`, `email`, `password_hash`, `forename`, `surename`, `phone_number`, `postal_address`) VALUES
	(1, 'test@test@rs', 'DDAF35A193617ABACC417349AE20413112E6FA4E89A97EA20A9EEEE64B55D39A2192992A274FC1A836BA3C23A3FEEBBD454D4423643CE80E2A9AC94FA54CA49F', 'mika', 'mikic', '+381843283', 'Nepoznata adresa');
/*!40000 ALTER TABLE `user` ENABLE KEYS */;

/*!40101 SET SQL_MODE=IFNULL(@OLD_SQL_MODE, '') */;
/*!40014 SET FOREIGN_KEY_CHECKS=IFNULL(@OLD_FOREIGN_KEY_CHECKS, 1) */;
/*!40101 SET CHARACTER_SET_CLIENT=@OLD_CHARACTER_SET_CLIENT */;
/*!40111 SET SQL_NOTES=IFNULL(@OLD_SQL_NOTES, 1) */;
